{"ContentRoots":["D:\\EAD_Project\\Mess management\\wwwroot\\","D:\\EAD_Project\\Mess management\\obj\\Release\\net9.0\\compressed\\","D:\\EAD_Project\\Mess management\\obj\\Release\\net9.0\\scopedcss\\bundle\\"],"Root":{"Children":{"favicon.ico":{"Children":null,"Asset":{"ContentRootIndex":0,"SubPath":"favicon.ico"},"Patterns":null},"favicon.ico.gz":{"Children":null,"Asset":{"ContentRootIndex":1,"SubPath":"pdi7u0jyzz-61n19gt1b8.gz"},"Patterns":null},"Mess management.styles.css":{"Children":null,"Asset":{"ContentRootIndex":2,"SubPath":"Mess management.styles.css"},"Patterns":null},"Mess management.styles.css.gz":{"Children":null,"Asset":{"ContentRootIndex":1,"SubPath":"zshrjlhkpr-4t2ywpw4jq.gz"},"Patterns":null},"css":{"Children":{"site.css":{"Children":null,"Asset":{"ContentRootIndex":0,"SubPath":"css/site.css"},"Patterns":null},"site.css.gz":{"Children":null,"Asset":{"ContentRootIndex":1,"SubPath":"soet1e4vij-b9sayid5wm.gz"},"Patterns":null}},"Asset":null,"Patterns":null},"js":{"Children":{"site.js":{"Children":null,"Asset":{"ContentRootIndex":0,"SubPath":"js/site.js"},"Patterns":null},"site.js.gz":{"Children":null,"Asset":{"ContentRootIndex":1,"SubPath":"270s5hrfwq-xtxxf3hu2r.gz"},"Patterns":null},"validation.js":{"Children":null,"Asset":{"ContentRootIndex":0,"SubPath":"js/validation.js"},"Patterns":null},"validation.js.gz":{"Children":null,"Asset":{"ContentRootIndex":1,"SubPath":"3k88n22hos-9umn1jlojx.gz"},"Patterns":null}},"Asset":null,"Patterns":null},"lib":{"Children":{"bootstrap":{"Children":{"LICENSE":{"Children":null,"Asset":{"ContentRootIndex":0,"SubPath":"lib/bootstrap/LICENSE"},"Patterns":null},"dist":{"Children":{"css":{"Children":{"bootstrap-grid.css":{"Children":null,"Asset":{"ContentRootIndex":0,"SubPath":"lib/bootstrap/dist/css/bootstrap-grid.css"},"Patterns":null},"bootstrap-grid.css.gz":{"Children":null,"Asset":{"ContentRootIndex":1,"SubPath":"uxol3or8g9-bqjiyaj88i.gz"},"Patterns":null},"bootstrap-grid.css.map":{"Children":null,"Asset":{"ContentRootIndex":0,"SubPath":"lib/bootstrap/dist/css/bootstrap-grid.css.map"},"Patterns":null},"bootstrap-grid.css.map.gz":{"Children":null,"Asset":{"ContentRootIndex":1,"SubPath":"ij24lx4x7x-c2jlpeoesf.gz"},"Patterns":null},"bootstrap-grid.min.css":{"Children":null,"Asset":{"ContentRootIndex":0,"SubPath":"lib/bootstrap/dist/css/bootstrap-grid.min.css"},"Patterns":null},"bootstrap-grid.min.css.gz":{"Children":null,"Asset":{"ContentRootIndex":1,"SubPath":"hv99zocz0v-erw9l3u2r3.gz"},"Patterns":null},"bootstrap-grid.min.css.map":{"Children":null,"Asset":{"ContentRootIndex":0,"SubPath":"lib/bootstrap/dist/css/bootstrap-grid.min.css.map"},"Patterns":null},"bootstrap-grid.min.css.map.gz":{"Children":null,"Asset":{"ContentRootIndex":1,"SubPath":"vqi65lbdzp-aexeepp0ev.gz"},"Patterns":null},"bootstrap-grid.rtl.css":{"Children":null,"Asset":{"ContentRootIndex":0,"SubPath":"lib/bootstrap/dist/css/bootstrap-grid.rtl.css"},"Patterns":null},"bootstrap-grid.rtl.css.gz":{"Children":null,"Asset":{"ContentRootIndex":1,"SubPath":"7uw4s2vohi-d7shbmvgxk.gz"},"Patterns":null},"bootstrap-grid.rtl.css.map":{"Children":null,"Asset":{"ContentRootIndex":0,"SubPath":"lib/bootstrap/dist/css/bootstrap-grid.rtl.css.map"},"Patterns":null},"bootstrap-grid.rtl.css.map.gz":{"Children":null,"Asset":{"ContentRootIndex":1,"SubPath":"6z7ijyn223-ausgxo2sd3.gz"},"Patterns":null},"bootstrap-grid.rtl.min.css":{"Children":null,"Asset":{"ContentRootIndex":0,"SubPath":"lib/bootstrap/dist/css/bootstrap-grid.rtl.min.css"},"Patterns":null},"bootstrap-grid.rtl.min.css.gz":{"Children":null,"Asset":{"ContentRootIndex":1,"SubPath":"nn7j4odgcx-k8d9w2qqmf.gz"},"Patterns":null},"bootstrap-grid.rtl.min.css.map":{"Children":null,"Asset":{"ContentRootIndex":0,"SubPath":"lib/bootstrap/dist/css/bootstrap-grid.rtl.min.css.map"},"Patterns":null},"bootstrap-grid.rtl.min.css.map.gz":{"Children":null,"Asset":{"ContentRootIndex":1,"SubPath":"tck6h0n0ac-cosvhxvwiu.gz"},"Patterns":null},"bootstrap-reboot.css":{"Children":null,"Asset":{"ContentRootIndex":0,"SubPath":"lib/bootstrap/dist/css/bootstrap-reboot.css"},"Patterns":null},"bootstrap-reboot.css.gz":{"Children":null,"Asset":{"ContentRootIndex":1,"SubPath":"17treglb63-ub07r2b239.gz"},"Patterns":null},"bootstrap-reboot.css.map":{"Children":null,"Asset":{"ContentRootIndex":0,"SubPath":"lib/bootstrap/dist/css/bootstrap-reboot.css.map"},"Patterns":null},"bootstrap-reboot.css.map.gz":{"Children":null,"Asset":{"ContentRootIndex":1,"SubPath":"yp2aoy0bnn-fvhpjtyr6v.gz"},"Patterns":null},"bootstrap-reboot.min.css":{"Children":null,"Asset":{"ContentRootIndex":0,"SubPath":"lib/bootstrap/dist/css/bootstrap-reboot.min.css"},"Patterns":null},"bootstrap-reboot.min.css.gz":{"Children":null,"Asset":{"ContentRootIndex":1,"SubPath":"5rdon4h97t-b7pk76d08c.gz"},"Patterns":null},"bootstrap-reboot.min.css.map":{"Children":null,"Asset":{"ContentRootIndex":0,"SubPath":"lib/bootstrap/dist/css/bootstrap-reboot.min.css.map"},"Patterns":null},"bootstrap-reboot.min.css.map.gz":{"Children":null,"Asset":{"ContentRootIndex":1,"SubPath":"08uf2e6zqc-fsbi9cje9m.gz"},"Patterns":null},"bootstrap-reboot.rtl.css":{"Children":null,"Asset":{"ContentRootIndex":0,"SubPath":"lib/bootstrap/dist/css/bootstrap-reboot.rtl.css"},"Patterns":null},"bootstrap-reboot.rtl.css.gz":{"Children":null,"Asset":{"ContentRootIndex":1,"SubPath":"iw52qbe365-rzd6atqjts.gz"},"Patterns":null},"bootstrap-reboot.rtl.css.map":{"Children":null,"Asset":{"ContentRootIndex":0,"SubPath":"lib/bootstrap/dist/css/bootstrap-reboot.rtl.css.map"},"Patterns":null},"bootstrap-reboot.rtl.css.map.gz":{"Children":null,"Asset":{"ContentRootIndex":1,"SubPath":"qxm83gfvpg-ee0r1s7dh0.gz"},"Patterns":null},"bootstrap-reboot.rtl.min.css":{"Children":null,"Asset":{"ContentRootIndex":0,"SubPath":"lib/bootstrap/dist/css/bootstrap-reboot.rtl.min.css"},"Patterns":null},"bootstrap-reboot.rtl.min.css.gz":{"Children":null,"Asset":{"ContentRootIndex":1,"SubPath":"3vx3ui8lr5-dxx9fxp4il.gz"},"Patterns":null},"bootstrap-reboot.rtl.min.css.map":{"Children":null,"Asset":{"ContentRootIndex":0,"SubPath":"lib/bootstrap/dist/css/bootstrap-reboot.rtl.min.css.map"},"Patterns":null},"bootstrap-reboot.rtl.min.css.map.gz":{"Children":null,"Asset":{"ContentRootIndex":1,"SubPath":"ki2b7vetat-jd9uben2k1.gz"},"Patterns":null},"bootstrap-utilities.css":{"Children":null,"Asset":{"ContentRootIndex":0,"SubPath":"lib/bootstrap/dist/css/bootstrap-utilities.css"},"Patterns":null},"bootstrap-utilities.css.gz":{"Children":null,"Asset":{"ContentRootIndex":1,"SubPath":"q4jjgiqihv-khv3u5hwcm.gz"},"Patterns":null},"bootstrap-utilities.css.map":{"Children":null,"Asset":{"ContentRootIndex":0,"SubPath":"lib/bootstrap/dist/css/bootstrap-utilities.css.map"},"Patterns":null},"bootstrap-utilities.css.map.gz":{"Children":null,"Asset":{"ContentRootIndex":1,"SubPath":"l6047ofrwj-r4e9w2rdcm.gz"},"Patterns":null},"bootstrap-utilities.min.css":{"Children":null,"Asset":{"ContentRootIndex":0,"SubPath":"lib/bootstrap/dist/css/bootstrap-utilities.min.css"},"Patterns":null},"bootstrap-utilities.min.css.gz":{"Children":null,"Asset":{"ContentRootIndex":1,"SubPath":"50n8xhb9b2-lcd1t2u6c8.gz"},"Patterns":null},"bootstrap-utilities.min.css.map":{"Children":null,"Asset":{"ContentRootIndex":0,"SubPath":"lib/bootstrap/dist/css/bootstrap-utilities.min.css.map"},"Patterns":null},"bootstrap-utilities.min.css.map.gz":{"Children":null,"Asset":{"ContentRootIndex":1,"SubPath":"n1kbo8i57l-c2oey78nd0.gz"},"Patterns":null},"bootstrap-utilities.rtl.css":{"Children":null,"Asset":{"ContentRootIndex":0,"SubPath":"lib/bootstrap/dist/css/bootstrap-utilities.rtl.css"},"Patterns":null},"bootstrap-utilities.rtl.css.gz":{"Children":null,"Asset":{"ContentRootIndex":1,"SubPath":"epvzomd4sf-tdbxkamptv.gz"},"Patterns":null},"bootstrap-utilities.rtl.css.map":{"Children":null,"Asset":{"ContentRootIndex":0,"SubPath":"lib/bootstrap/dist/css/bootstrap-utilities.rtl.css.map"},"Patterns":null},"bootstrap-utilities.rtl.css.map.gz":{"Children":null,"Asset":{"ContentRootIndex":1,"SubPath":"3dauzjw92r-j5mq2jizvt.gz"},"Patterns":null},"bootstrap-utilities.rtl.min.css":{"Children":null,"Asset":{"ContentRootIndex":0,"SubPath":"lib/bootstrap/dist/css/bootstrap-utilities.rtl.min.css"},"Patterns":null},"bootstrap-utilities.rtl.min.css.gz":{"Children":null,"Asset":{"ContentRootIndex":1,"SubPath":"obthv0khlb-06098lyss8.gz"},"Patterns":null},"bootstrap-utilities.rtl.min.css.map":{"Children":null,"Asset":{"ContentRootIndex":0,"SubPath":"lib/bootstrap/dist/css/bootstrap-utilities.rtl.min.css.map"},"Patterns":null},"bootstrap-utilities.rtl.min.css.map.gz":{"Children":null,"Asset":{"ContentRootIndex":1,"SubPath":"yjpsk3yj7q-nvvlpmu67g.gz"},"Patterns":null},"bootstrap.css":{"Children":null,"Asset":{"ContentRootIndex":0,"SubPath":"lib/bootstrap/dist/css/bootstrap.css"},"Patterns":null},"bootstrap.css.gz":{"Children":null,"Asset":{"ContentRootIndex":1,"SubPath":"mo2hjerfjg-s35ty4nyc5.gz"},"Patterns":null},"bootstrap.css.map":{"Children":null,"Asset":{"ContentRootIndex":0,"SubPath":"lib/bootstrap/dist/css/bootstrap.css.map"},"Patterns":null},"bootstrap.css.map.gz":{"Children":null,"Asset":{"ContentRootIndex":1,"SubPath":"w37blcsd5z-pj5nd1wqec.gz"},"Patterns":null},"bootstrap.min.css":{"Children":null,"Asset":{"ContentRootIndex":0,"SubPath":"lib/bootstrap/dist/css/bootstrap.min.css"},"Patterns":null},"bootstrap.min.css.gz":{"Children":null,"Asset":{"ContentRootIndex":1,"SubPath":"9trfwysaid-46ein0sx1k.gz"},"Patterns":null},"bootstrap.min.css.map":{"Children":null,"Asset":{"ContentRootIndex":0,"SubPath":"lib/bootstrap/dist/css/bootstrap.min.css.map"},"Patterns":null},"bootstrap.min.css.map.gz":{"Children":null,"Asset":{"ContentRootIndex":1,"SubPath":"q9tbxierzg-v0zj4ognzu.gz"},"Patterns":null},"bootstrap.rtl.css":{"Children":null,"Asset":{"ContentRootIndex":0,"SubPath":"lib/bootstrap/dist/css/bootstrap.rtl.css"},"Patterns":null},"bootstrap.rtl.css.gz":{"Children":null,"Asset":{"ContentRootIndex":1,"SubPath":"ls8nj6bja8-37tfw0ft22.gz"},"Patterns":null},"bootstrap.rtl.css.map":{"Children":null,"Asset":{"ContentRootIndex":0,"SubPath":"lib/bootstrap/dist/css/bootstrap.rtl.css.map"},"Patterns":null},"bootstrap.rtl.css.map.gz":{"Children":null,"Asset":{"ContentRootIndex":1,"SubPath":"kcn7pf4jqc-hrwsygsryq.gz"},"Patterns":null},"bootstrap.rtl.min.css":{"Children":null,"Asset":{"ContentRootIndex":0,"SubPath":"lib/bootstrap/dist/css/bootstrap.rtl.min.css"},"Patterns":null},"bootstrap.rtl.min.css.gz":{"Children":null,"Asset":{"ContentRootIndex":1,"SubPath":"hyeewetjxj-pk9g2wxc8p.gz"},"Patterns":null},"bootstrap.rtl.min.css.map":{"Children":null,"Asset":{"ContentRootIndex":0,"SubPath":"lib/bootstrap/dist/css/bootstrap.rtl.min.css.map"},"Patterns":null},"bootstrap.rtl.min.css.map.gz":{"Children":null,"Asset":{"ContentRootIndex":1,"SubPath":"lg351eid5l-ft3s53vfgj.gz"},"Patterns":null}},"Asset":null,"Patterns":null},"js":{"Children":{"bootstrap.bundle.js":{"Children":null,"Asset":{"ContentRootIndex":0,"SubPath":"lib/bootstrap/dist/js/bootstrap.bundle.js"},"Patterns":null},"bootstrap.bundle.js.gz":{"Children":null,"Asset":{"ContentRootIndex":1,"SubPath":"m6gd2xc15q-6cfz1n2cew.gz"},"Patterns":null},"bootstrap.bundle.js.map":{"Children":null,"Asset":{"ContentRootIndex":0,"SubPath":"lib/bootstrap/dist/js/bootstrap.bundle.js.map"},"Patterns":null},"bootstrap.bundle.js.map.gz":{"Children":null,"Asset":{"ContentRootIndex":1,"SubPath":"mzynhqizzg-6pdc2jztkx.gz"},"Patterns":null},"bootstrap.bundle.min.js":{"Children":null,"Asset":{"ContentRootIndex":0,"SubPath":"lib/bootstrap/dist/js/bootstrap.bundle.min.js"},"Patterns":null},"bootstrap.bundle.min.js.gz":{"Children":null,"Asset":{"ContentRootIndex":1,"SubPath":"056275ilxr-493y06b0oq.gz"},"Patterns":null},"bootstrap.bundle.min.js.map":{"Children":null,"Asset":{"ContentRootIndex":0,"SubPath":"lib/bootstrap/dist/js/bootstrap.bundle.min.js.map"},"Patterns":null},"bootstrap.bundle.min.js.map.gz":{"Children":null,"Asset":{"ContentRootIndex":1,"SubPath":"9730jskndb-iovd86k7lj.gz"},"Patterns":null},"bootstrap.esm.js":{"Children":null,"Asset":{"ContentRootIndex":0,"SubPath":"lib/bootstrap/dist/js/bootstrap.esm.js"},"Patterns":null},"bootstrap.esm.js.gz":{"Children":null,"Asset":{"ContentRootIndex":1,"SubPath":"9o9kl4dnq9-vr1egmr9el.gz"},"Patterns":null},"bootstrap.esm.js.map":{"Children":null,"Asset":{"ContentRootIndex":0,"SubPath":"lib/bootstrap/dist/js/bootstrap.esm.js.map"},"Patterns":null},"bootstrap.esm.js.map.gz":{"Children":null,"Asset":{"ContentRootIndex":1,"SubPath":"p7wi2n6di8-kbrnm935zg.gz"},"Patterns":null},"bootstrap.esm.min.js":{"Children":null,"Asset":{"ContentRootIndex":0,"SubPath":"lib/bootstrap/dist/js/bootstrap.esm.min.js"},"Patterns":null},"bootstrap.esm.min.js.gz":{"Children":null,"Asset":{"ContentRootIndex":1,"SubPath":"d1wf5qgbax-jj8uyg4cgr.gz"},"Patterns":null},"bootstrap.esm.min.js.map":{"Children":null,"Asset":{"ContentRootIndex":0,"SubPath":"lib/bootstrap/dist/js/bootstrap.esm.min.js.map"},"Patterns":null},"bootstrap.esm.min.js.map.gz":{"Children":null,"Asset":{"ContentRootIndex":1,"SubPath":"9fhfkeedgu-y7v9cxd14o.gz"},"Patterns":null},"bootstrap.js":{"Children":null,"Asset":{"ContentRootIndex":0,"SubPath":"lib/bootstrap/dist/js/bootstrap.js"},"Patterns":null},"bootstrap.js.gz":{"Children":null,"Asset":{"ContentRootIndex":1,"SubPath":"26djfkhl3n-notf2xhcfb.gz"},"Patterns":null},"bootstrap.js.map":{"Children":null,"Asset":{"ContentRootIndex":0,"SubPath":"lib/bootstrap/dist/js/bootstrap.js.map"},"Patterns":null},"bootstrap.js.map.gz":{"Children":null,"Asset":{"ContentRootIndex":1,"SubPath":"f92fs9aqv9-h1s4sie4z3.gz"},"Patterns":null},"bootstrap.min.js":{"Children":null,"Asset":{"ContentRootIndex":0,"SubPath":"lib/bootstrap/dist/js/bootstrap.min.js"},"Patterns":null},"bootstrap.min.js.gz":{"Children":null,"Asset":{"ContentRootIndex":1,"SubPath":"pg588wh1pd-63fj8s7r0e.gz"},"Patterns":null},"bootstrap.min.js.map":{"Children":null,"Asset":{"ContentRootIndex":0,"SubPath":"lib/bootstrap/dist/js/bootstrap.min.js.map"},"Patterns":null},"bootstrap.min.js.map.gz":{"Children":null,"Asset":{"ContentRootIndex":1,"SubPath":"knse7dwxnc-0j3bgjxly4.gz"},"Patterns":null}},"Asset":null,"Patterns":null}},"Asset":null,"Patterns":null}},"Asset":null,"Patterns":null},"jquery":{"Children":{"LICENSE.txt":{"Children":null,"Asset":{"ContentRootIndex":0,"SubPath":"lib/jquery/LICENSE.txt"},"Patterns":null},"LICENSE.txt.gz":{"Children":null,"Asset":{"ContentRootIndex":1,"SubPath":"hvtl8yudku-mlv21k5csn.gz"},"Patterns":null},"dist":{"Children":{"jquery.js":{"Children":null,"Asset":{"ContentRootIndex":0,"SubPath":"lib/jquery/dist/jquery.js"},"Patterns":null},"jquery.js.gz":{"Children":null,"Asset":{"ContentRootIndex":1,"SubPath":"mf1ddrj02n-0i3buxo5is.gz"},"Patterns":null},"jquery.min.js":{"Children":null,"Asset":{"ContentRootIndex":0,"SubPath":"lib/jquery/dist/jquery.min.js"},"Patterns":null},"jquery.min.js.gz":{"Children":null,"Asset":{"ContentRootIndex":1,"SubPath":"aswfelie7t-o1o13a6vjx.gz"},"Patterns":null},"jquery.min.map":{"Children":null,"Asset":{"ContentRootIndex":0,"SubPath":"lib/jquery/dist/jquery.min.map"},"Patterns":null},"jquery.min.map.gz":{"Children":null,"Asset":{"ContentRootIndex":1,"SubPath":"2od5zgdiln-ttgo8qnofa.gz"},"Patterns":null},"jquery.slim.js":{"Children":null,"Asset":{"ContentRootIndex":0,"SubPath":"lib/jquery/dist/jquery.slim.js"},"Patterns":null},"jquery.slim.js.gz":{"Children":null,"Asset":{"ContentRootIndex":1,"SubPath":"ol9a6yb937-2z0ns9nrw6.gz"},"Patterns":null},"jquery.slim.min.js":{"Children":null,"Asset":{"ContentRootIndex":0,"SubPath":"lib/jquery/dist/jquery.slim.min.js"},"Patterns":null},"jquery.slim.min.js.gz":{"Children":null,"Asset":{"ContentRootIndex":1,"SubPath":"0cp2jy94n4-muycvpuwrr.gz"},"Patterns":null},"jquery.slim.min.map":{"Children":null,"Asset":{"ContentRootIndex":0,"SubPath":"lib/jquery/dist/jquery.slim.min.map"},"Patterns":null},"jquery.slim.min.map.gz":{"Children":null,"Asset":{"ContentRootIndex":1,"SubPath":"g1dzo8ltp1-87fc7y1x7t.gz"},"Patterns":null}},"Asset":null,"Patterns":null}},"Asset":null,"Patterns":null},"jquery-validation":{"Children":{"LICENSE.md":{"Children":null,"Asset":{"ContentRootIndex":0,"SubPath":"lib/jquery-validation/LICENSE.md"},"Patterns":null},"LICENSE.md.gz":{"Children":null,"Asset":{"ContentRootIndex":1,"SubPath":"njnhhsx9hh-x0q3zqp4vz.gz"},"Patterns":null},"dist":{"Children":{"additional-methods.js":{"Children":null,"Asset":{"ContentRootIndex":0,"SubPath":"lib/jquery-validation/dist/additional-methods.js"},"Patterns":null},"additional-methods.js.gz":{"Children":null,"Asset":{"ContentRootIndex":1,"SubPath":"xxy8oc7d3f-83jwlth58m.gz"},"Patterns":null},"additional-methods.min.js":{"Children":null,"Asset":{"ContentRootIndex":0,"SubPath":"lib/jquery-validation/dist/additional-methods.min.js"},"Patterns":null},"additional-methods.min.js.gz":{"Children":null,"Asset":{"ContentRootIndex":1,"SubPath":"6c59mbzbwt-mrlpezrjn3.gz"},"Patterns":null},"jquery.validate.js":{"Children":null,"Asset":{"ContentRootIndex":0,"SubPath":"lib/jquery-validation/dist/jquery.validate.js"},"Patterns":null},"jquery.validate.js.gz":{"Children":null,"Asset":{"ContentRootIndex":1,"SubPath":"zvgxa1nwx4-lzl9nlhx6b.gz"},"Patterns":null},"jquery.validate.min.js":{"Children":null,"Asset":{"ContentRootIndex":0,"SubPath":"lib/jquery-validation/dist/jquery.validate.min.js"},"Patterns":null},"jquery.validate.min.js.gz":{"Children":null,"Asset":{"ContentRootIndex":1,"SubPath":"xnyf5y6s7q-ag7o75518u.gz"},"Patterns":null}},"Asset":null,"Patterns":null}},"Asset":null,"Patterns":null},"jquery-validation-unobtrusive":{"Children":{"LICENSE.txt":{"Children":null,"Asset":{"ContentRootIndex":0,"SubPath":"lib/jquery-validation-unobtrusive/LICENSE.txt"},"Patterns":null},"LICENSE.txt.gz":{"Children":null,"Asset":{"ContentRootIndex":1,"SubPath":"af5ug9szij-356vix0kms.gz"},"Patterns":null},"dist":{"Children":{"jquery.validate.unobtrusive.js":{"Children":null,"Asset":{"ContentRootIndex":0,"SubPath":"lib/jquery-validation-unobtrusive/dist/jquery.validate.unobtrusive.js"},"Patterns":null},"jquery.validate.unobtrusive.js.gz":{"Children":null,"Asset":{"ContentRootIndex":1,"SubPath":"gtecyotoi2-47otxtyo56.gz"},"Patterns":null},"jquery.validate.unobtrusive.min.js":{"Children":null,"Asset":{"ContentRootIndex":0,"SubPath":"lib/jquery-validation-unobtrusive/dist/jquery.validate.unobtrusive.min.js"},"Patterns":null},"jquery.validate.unobtrusive.min.js.gz":{"Children":null,"Asset":{"ContentRootIndex":1,"SubPath":"b4yhrlkbxj-4v8eqarkd7.gz"},"Patterns":null}},"Asset":null,"Patterns":null}},"Asset":null,"Patterns":null}},"Asset":null,"Patterns":null}},"Asset":null,"Patterns":[{"ContentRootIndex":0,"Pattern":"**","Depth":0}]}}